[{"model":"drinqsapp.glass","pk":1,"fields":{"name":"Champagne flute"}},{"model":"drinqsapp.glass","pk":2,"fields":{"name":"Margarita glass"}},{"model":"drinqsapp.glass","pk":3,"fields":{"name":"Collins Glass"}},{"model":"drinqsapp.glass","pk":4,"fields":{"name":"Shot glass"}},{"model":"drinqsapp.glass","pk":5,"fields":{"name":"Highball glass"}},{"model":"drinqsapp.glass","pk":6,"fields":{"name":"Cocktail glass"}},{"model":"drinqsapp.glass","pk":7,"fields":{"name":"Whiskey sour glass"}},{"model":"drinqsapp.glass","pk":8,"fields":{"name":"Pint glass"}},{"model":"drinqsapp.glass","pk":9,"fields":{"name":"Highball Glass"}},{"model":"drinqsapp.glass","pk":10,"fields":{"name":"Pitcher"}},{"model":"drinqsapp.glass","pk":11,"fields":{"name":"Old-fashioned glass"}},{"model":"drinqsapp.glass","pk":12,"fields":{"name":"Martini Glass"}},{"model":"drinqsapp.glass","pk":13,"fields":{"name":"Punch bowl"}},{"model":"drinqsapp.glass","pk":14,"fields":{"name":"Irish coffee cup"}},{"model":"drinqsapp.glass","pk":15,"fields":{"name":"Beer mug"}},{"model":"drinqsapp.glass","pk":16,"fields":{"name":"White wine glass"}},{"model":"drinqsapp.glass","pk":17,"fields":{"name":"Coffee mug"}},{"model":"drinqsapp.glass","pk":18,"fields":{"name":"Collins glass"}},{"model":"drinqsapp.glass","pk":19,"fields":{"name":"Hurricane glass"}},{"model":"drinqsapp.glass","pk":20,"fields":{"name":"Whiskey Glass"}},{"model":"drinqsapp.glass","pk":21,"fields":{"name":"Jar"}},{"model":"drinqsapp.ingredient","pk":1,"fields":{"name":"Vodka"}},{"model":"drinqsapp.ingredient","pk":2,"fields":{"name":"Cranberry Juice"}},{"model":"drinqsapp.ingredient","pk":3,"fields":{"name":"Champagne"}},{"model":"drinqsapp.ingredient","pk":4,"fields":{"name":"Absinthe"}},{"model":"drinqsapp.ingredient","pk":5,"fields":{"name":"Chocolate ice-cream"}},{"model":"drinqsapp.ingredient","pk":6,"fields":{"name":"Brandy"}},{"model":"drinqsapp.ingredient","pk":7,"fields":{"name":"Amaretto"}},{"model":"drinqsapp.ingredient","pk":8,"fields":{"name":"Midori melon liqueur"}},{"model":"drinqsapp.ingredient","pk":9,"fields":{"name":"Sweet and sour"}},{"model":"drinqsapp.ingredient","pk":10,"fields":{"name":"Coffee"}},{"model":"drinqsapp.ingredient","pk":11,"fields":{"name":"Grain alcohol"}},{"model":"drinqsapp.ingredient","pk":12,"fields":{"name":"Gin"}},{"model":"drinqsapp.ingredient","pk":13,"fields":{"name":"Lemon"}},{"model":"drinqsapp.ingredient","pk":14,"fields":{"name":"Powdered sugar"}},{"model":"drinqsapp.ingredient","pk":15,"fields":{"name":"Carbonated water"}},{"model":"drinqsapp.ingredient","pk":16,"fields":{"name":"Vanilla vodka"}},{"model":"drinqsapp.ingredient","pk":17,"fields":{"name":"Grand Marnier"}},{"model":"drinqsapp.ingredient","pk":18,"fields":{"name":"Orange juice"}},{"model":"drinqsapp.ingredient","pk":19,"fields":{"name":"Coconut Liqueur"}},{"model":"drinqsapp.ingredient","pk":20,"fields":{"name":"Grapefruit Juice"}},{"model":"drinqsapp.ingredient","pk":21,"fields":{"name":"Soda Water"}},{"model":"drinqsapp.ingredient","pk":22,"fields":{"name":"Kahlua"}},{"model":"drinqsapp.ingredient","pk":23,"fields":{"name":"Coca-Cola"}},{"model":"drinqsapp.ingredient","pk":24,"fields":{"name":"Guinness stout"}},{"model":"drinqsapp.ingredient","pk":25,"fields":{"name":"Honey"}},{"model":"drinqsapp.ingredient","pk":26,"fields":{"name":"Figs"}},{"model":"drinqsapp.ingredient","pk":27,"fields":{"name":"Thyme"}},{"model":"drinqsapp.ingredient","pk":28,"fields":{"name":"Angostura Bitters"}},{"model":"drinqsapp.ingredient","pk":29,"fields":{"name":"Tonic Water"}},{"model":"drinqsapp.ingredient","pk":30,"fields":{"name":"gin"}},{"model":"drinqsapp.ingredient","pk":31,"fields":{"name":"Peach Bitters"}},{"model":"drinqsapp.ingredient","pk":32,"fields":{"name":"Mint"}},{"model":"drinqsapp.ingredient","pk":33,"fields":{"name":"151 proof rum"}},{"model":"drinqsapp.ingredient","pk":34,"fields":{"name":"Kool-Aid"}},{"model":"drinqsapp.ingredient","pk":35,"fields":{"name":"Lemon juice"}},{"model":"drinqsapp.ingredient","pk":36,"fields":{"name":"Sugar"}},{"model":"drinqsapp.ingredient","pk":37,"fields":{"name":"Orange"}},{"model":"drinqsapp.ingredient","pk":38,"fields":{"name":"Maraschino cherry"}},{"model":"drinqsapp.ingredient","pk":39,"fields":{"name":"Lager"}},{"model":"drinqsapp.ingredient","pk":40,"fields":{"name":"Cider"}},{"model":"drinqsapp.ingredient","pk":41,"fields":{"name":"Blackcurrant squash"}},{"model":"drinqsapp.ingredient","pk":42,"fields":{"name":"Yoghurt"}},{"model":"drinqsapp.ingredient","pk":43,"fields":{"name":"Fruit juice"}},{"model":"drinqsapp.ingredient","pk":44,"fields":{"name":"Grenadine"}},{"model":"drinqsapp.ingredient","pk":45,"fields":{"name":"White Creme de Menthe"}},{"model":"drinqsapp.ingredient","pk":46,"fields":{"name":"Absolut Citron"}},{"model":"drinqsapp.ingredient","pk":47,"fields":{"name":"Lime juice"}},{"model":"drinqsapp.ingredient","pk":48,"fields":{"name":"Ice"}},{"model":"drinqsapp.ingredient","pk":49,"fields":{"name":"Tonic water"}},{"model":"drinqsapp.ingredient","pk":50,"fields":{"name":"Egg"}},{"model":"drinqsapp.ingredient","pk":51,"fields":{"name":"Salt"}},{"model":"drinqsapp.ingredient","pk":52,"fields":{"name":"Milk"}},{"model":"drinqsapp.ingredient","pk":53,"fields":{"name":"Vanilla extract"}},{"model":"drinqsapp.ingredient","pk":54,"fields":{"name":"Tequila"}},{"model":"drinqsapp.ingredient","pk":55,"fields":{"name":"Tabasco sauce"}},{"model":"drinqsapp.ingredient","pk":56,"fields":{"name":"Water"}},{"model":"drinqsapp.ingredient","pk":57,"fields":{"name":"Ginger"}},{"model":"drinqsapp.ingredient","pk":58,"fields":{"name":"Guava juice"}},{"model":"drinqsapp.ingredient","pk":59,"fields":{"name":"Pineapple"}},{"model":"drinqsapp.ingredient","pk":60,"fields":{"name":"Pineapple juice"}},{"model":"drinqsapp.ingredient","pk":61,"fields":{"name":"Ale"}},{"model":"drinqsapp.ingredient","pk":62,"fields":{"name":"Campari"}},{"model":"drinqsapp.ingredient","pk":63,"fields":{"name":"Sweet Vermouth"}},{"model":"drinqsapp.ingredient","pk":64,"fields":{"name":"Orange Bitters"}},{"model":"drinqsapp.ingredient","pk":65,"fields":{"name":"Green Chartreuse"}},{"model":"drinqsapp.ingredient","pk":66,"fields":{"name":"Passion fruit juice"}},{"model":"drinqsapp.ingredient","pk":67,"fields":{"name":"Raspberry vodka"}},{"model":"drinqsapp.ingredient","pk":68,"fields":{"name":"Lemon-lime soda"}},{"model":"drinqsapp.ingredient","pk":69,"fields":{"name":"Gold rum"}},{"model":"drinqsapp.ingredient","pk":70,"fields":{"name":"Orange Juice"}},{"model":"drinqsapp.ingredient","pk":71,"fields":{"name":"Lime Juice"}},{"model":"drinqsapp.ingredient","pk":72,"fields":{"name":"Triple Sec"}},{"model":"drinqsapp.ingredient","pk":73,"fields":{"name":"Brown sugar"}},{"model":"drinqsapp.ingredient","pk":74,"fields":{"name":"Rum"}},{"model":"drinqsapp.ingredient","pk":75,"fields":{"name":"Grape juice"}},{"model":"drinqsapp.ingredient","pk":76,"fields":{"name":"Carbonated soft drink"}},{"model":"drinqsapp.ingredient","pk":77,"fields":{"name":"Sherbet"}},{"model":"drinqsapp.ingredient","pk":78,"fields":{"name":"Dry Vermouth"}},{"model":"drinqsapp.ingredient","pk":79,"fields":{"name":"Lemon peel"}},{"model":"drinqsapp.ingredient","pk":80,"fields":{"name":"Club soda"}},{"model":"drinqsapp.ingredient","pk":81,"fields":{"name":"Light cream"}},{"model":"drinqsapp.ingredient","pk":82,"fields":{"name":"Egg white"}},{"model":"drinqsapp.ingredient","pk":83,"fields":{"name":"Red wine"}},{"model":"drinqsapp.ingredient","pk":84,"fields":{"name":"Cinnamon"}},{"model":"drinqsapp.ingredient","pk":85,"fields":{"name":"Cloves"}},{"model":"drinqsapp.ingredient","pk":86,"fields":{"name":"Condensed milk"}},{"model":"drinqsapp.ingredient","pk":87,"fields":{"name":"Nutmeg"}},{"model":"drinqsapp.ingredient","pk":88,"fields":{"name":"Malibu rum"}},{"model":"drinqsapp.ingredient","pk":89,"fields":{"name":"Light rum"}},{"model":"drinqsapp.ingredient","pk":90,"fields":{"name":"Dark Creme de Cacao"}},{"model":"drinqsapp.ingredient","pk":91,"fields":{"name":"Cointreau"}},{"model":"drinqsapp.ingredient","pk":92,"fields":{"name":"Coconut liqueur"}},{"model":"drinqsapp.ingredient","pk":93,"fields":{"name":"Vanilla ice-cream"}},{"model":"drinqsapp.ingredient","pk":94,"fields":{"name":"Southern Comfort"}},{"model":"drinqsapp.ingredient","pk":95,"fields":{"name":"Bitters"}},{"model":"drinqsapp.ingredient","pk":96,"fields":{"name":"Grapefruit juice"}},{"model":"drinqsapp.ingredient","pk":97,"fields":{"name":"Banana"}},{"model":"drinqsapp.ingredient","pk":98,"fields":{"name":"Chocolate"}},{"model":"drinqsapp.ingredient","pk":99,"fields":{"name":"Melon Liqueur"}},{"model":"drinqsapp.ingredient","pk":100,"fields":{"name":"Lemon Juice"}},{"model":"drinqsapp.ingredient","pk":101,"fields":{"name":"Prosecco"}},{"model":"drinqsapp.ingredient","pk":102,"fields":{"name":"Scotch"}},{"model":"drinqsapp.ingredient","pk":103,"fields":{"name":"Sherry"}},{"model":"drinqsapp.ingredient","pk":104,"fields":{"name":"Wormwood"}},{"model":"drinqsapp.ingredient","pk":105,"fields":{"name":"Chocolate syrup"}},{"model":"drinqsapp.ingredient","pk":106,"fields":{"name":"Cherry brandy"}},{"model":"drinqsapp.ingredient","pk":107,"fields":{"name":"Cranberry juice"}},{"model":"drinqsapp.ingredient","pk":108,"fields":{"name":"Soda water"}},{"model":"drinqsapp.ingredient","pk":109,"fields":{"name":"Creme de Banane"}},{"model":"drinqsapp.ingredient","pk":110,"fields":{"name":"Pernod"}},{"model":"drinqsapp.ingredient","pk":111,"fields":{"name":"Creme de Cacao"}},{"model":"drinqsapp.ingredient","pk":112,"fields":{"name":"Spiced rum"}},{"model":"drinqsapp.ingredient","pk":113,"fields":{"name":"Ginger ale"}},{"model":"drinqsapp.ingredient","pk":114,"fields":{"name":"Cream"}},{"model":"drinqsapp.ingredient","pk":115,"fields":{"name":"Yellow Chartreuse"}},{"model":"drinqsapp.ingredient","pk":116,"fields":{"name":"Galliano"}},{"model":"drinqsapp.ingredient","pk":117,"fields":{"name":"Anise"}},{"model":"drinqsapp.ingredient","pk":118,"fields":{"name":"Licorice root"}},{"model":"drinqsapp.ingredient","pk":119,"fields":{"name":"Ouzo"}},{"model":"drinqsapp.ingredient","pk":120,"fields":{"name":"Baileys irish cream"}},{"model":"drinqsapp.cocktail","pk":1,"fields":{"name":"Absolutely Fabulous","slug":"absolutely-fabulous","alcoholic":true,"category":"Cocktail","thumbnail_url":"https://www.thecocktaildb.com/images/media/drink/abcpwr1504817734.jpg","preparation":"Mix the Vodka and Cranberry juice together in a shaker and strain into a glass. Top up with Champagne.","glass_id":1}},{"model":"drinqsapp.cocktail","pk":2,"fields":{"name":"Death in the Afternoon","slug":"death-in-the-afternoon","alcoholic":true,"category":"Cocktail","thumbnail_url":"https://www.thecocktaildb.com/images/media/drink/y7s3rh1598719574.jpg","preparation":"Easy as you like, pour the absinthe into a chilled glass, top with champagne. Must be drunk mid afternoon for the optimum effect.","glass_id":2}},{"model":"drinqsapp.cocktail","pk":3,"fields":{"name":"Amaretto Shake","slug":"amaretto-shake","alcoholic":true,"category":"Ordinary Drink","thumbnail_url":"https://www.thecocktaildb.com/images/media/drink/xk79al1493069655.jpg","preparation":"Combine all ingredients in a blender and blend at high speed until smooth. Serve in chilled glass garnished with bittersweet chocolate shavings.","glass_id":3}},{"model":"drinqsapp.cocktail","pk":4,"fields":{"name":"Arizona Antifreeze","slug":"arizona-antifreeze","alcoholic":true,"category":"Shot","thumbnail_url":"https://www.thecocktaildb.com/images/media/drink/dbtylp1493067262.jpg","preparation":"Pour all ingredients into shot glass and slam !!!!","glass_id":4}},{"model":"drinqsapp.cocktail","pk":5,"fields":{"name":"Karsk","slug":"karsk","alcoholic":true,"category":"Ordinary Drink","thumbnail_url":"https://www.thecocktaildb.com/images/media/drink/808mxk1487602471.jpg","preparation":"Put a copper coin in a coffe-cup and fill up with coffee until you no longer see the coin, then add alcohol until you see the coin. Norwegian speciality.","glass_id":5}},{"model":"drinqsapp.cocktail","pk":6,"fields":{"name":"Gin Fizz","slug":"gin-fizz","alcoholic":true,"category":"Ordinary Drink","thumbnail_url":"https://www.thecocktaildb.com/images/media/drink/drtihp1606768397.jpg","preparation":"Shake all ingredients with ice cubes, except soda water. Pour into glass. Top with soda water.","glass_id":5}},{"model":"drinqsapp.cocktail","pk":7,"fields":{"name":"50/50","slug":"50/50","alcoholic":true,"category":"Ordinary Drink","thumbnail_url":"https://www.thecocktaildb.com/images/media/drink/wwpyvr1461919316.jpg","preparation":"fill glass with crushed ice. Add vodka. Add a splash of grand-marnier. Fill with o.j.","glass_id":3}},{"model":"drinqsapp.cocktail","pk":8,"fields":{"name":"Lazy Coconut Paloma","slug":"lazy-coconut-paloma","alcoholic":true,"category":"Cocktail","thumbnail_url":"https://www.thecocktaildb.com/images/media/drink/rytuex1598719770.jpg","preparation":"Mix the coconut liqueur (preferably tequila) with the grapefruit juice and top with soda water. Garnish with a large grapefruit slice against the inside of the glass.","glass_id":5}},{"model":"drinqsapp.cocktail","pk":9,"fields":{"name":"Irish Russian","slug":"irish-russian","alcoholic":true,"category":"Beer","thumbnail_url":"https://www.thecocktaildb.com/images/media/drink/swqurw1454512730.jpg","preparation":"Add the ingredients in the order listed in the recipe. Care must be taken when adding the Guinness to prevent an excess of foam. Do Not add ice.","glass_id":5}},{"model":"drinqsapp.cocktail","pk":10,"fields":{"name":"Figgy Thyme","slug":"figgy-thyme","alcoholic":true,"category":"Cocktail","thumbnail_url":"https://www.thecocktaildb.com/images/media/drink/pbw4e51606766578.jpg","preparation":"In a lewis bag, crush up some ice like a baller/maniac (@glacioice). Pour your precious ice into a collins glass. In a cocktail shaker, muddle the figs and thyme together. Add honey vodka, lemon juice, and a large ice cube (@glacioice). Shake until well chilled, and strain into glass. Add tonic water and finally 2 dashes of angostura bitters. Garnish with sliced figs and thyme.","glass_id":5}},{"model":"drinqsapp.cocktail","pk":11,"fields":{"name":"Derby","slug":"derby","alcoholic":true,"category":"Ordinary Drink","thumbnail_url":"https://www.thecocktaildb.com/images/media/drink/52weey1606772672.jpg","preparation":"Pour all ingredients into a mixing glass with ice. Stir. Strain into a cocktail glass. Garnish with a sprig of fresh mint in the drink.","glass_id":6}},{"model":"drinqsapp.cocktail","pk":12,"fields":{"name":"Kool First Aid","slug":"kool-first-aid","alcoholic":true,"category":"Shot","thumbnail_url":"https://www.thecocktaildb.com/images/media/drink/hfp6sv1503564824.jpg","preparation":"Add Kool Aid to a double shot glass, and top with rum. Slam and shoot.","glass_id":4}},{"model":"drinqsapp.cocktail","pk":13,"fields":{"name":"Gin Sour","slug":"gin-sour","alcoholic":true,"category":"Ordinary Drink","thumbnail_url":"https://www.thecocktaildb.com/images/media/drink/noxp7e1606769224.jpg","preparation":"In a shaker half-filled with ice cubes, combine the gin, lemon juice, and sugar. Shake well. Strain into a sour glass and garnish with the orange slice and the cherry.","glass_id":7}},{"model":"drinqsapp.cocktail","pk":14,"fields":{"name":"Snakebite and Black","slug":"snakebite-and-black","alcoholic":true,"category":"Beer","thumbnail_url":"https://www.thecocktaildb.com/images/media/drink/rssvwv1441248863.jpg","preparation":"Put blackcurrant squash in first up to about 1cm in glass. Then add the larger and cider one after another.","glass_id":8}},{"model":"drinqsapp.cocktail","pk":15,"fields":{"name":"Fruit Flip-Flop","slug":"fruit-flip-flop","alcoholic":false,"category":"Other/Unknown","thumbnail_url":"https://www.thecocktaildb.com/images/media/drink/nfdx6p1484430633.jpg","preparation":"Place all ingredients in the blender jar - cover and whiz on medium speed until well blended. Pour in one tall, 2 medium or 3 small glasses and drink up.","glass_id":9}},{"model":"drinqsapp.cocktail","pk":16,"fields":{"name":"Amaretto Sunrise","slug":"amaretto-sunrise","alcoholic":true,"category":"Ordinary Drink","thumbnail_url":"https://www.thecocktaildb.com/images/media/drink/akcpsh1493070267.jpg","preparation":"Mix together the amaretto and orange juice. Pour into glass and then add the grenadine untill you see the sunrise.","glass_id":3}},{"model":"drinqsapp.cocktail","pk":17,"fields":{"name":"Stinger","slug":"stinger","alcoholic":true,"category":"Ordinary Drink","thumbnail_url":"https://www.thecocktaildb.com/images/media/drink/2ahv791504352433.jpg","preparation":"Pour in a mixing glass with ice, stir and strain into a cocktail glass. May also be served on rocks in a rocks glass.","glass_id":6}},{"model":"drinqsapp.cocktail","pk":18,"fields":{"name":"Absolut limousine","slug":"absolut-limousine","alcoholic":true,"category":"Other/Unknown","thumbnail_url":"https://www.thecocktaildb.com/images/media/drink/ssqpyw1472719844.jpg","preparation":"Fill Absolut into a glass. Add Lime juice. Add Ice and lime wedges.","glass_id":3}},{"model":"drinqsapp.cocktail","pk":19,"fields":{"name":"Egg-Nog - Classic Cooked","slug":"egg-nog---classic-cooked","alcoholic":false,"category":"Punch / Party Drink","thumbnail_url":"https://www.thecocktaildb.com/images/media/drink/quxsvt1468875505.jpg","preparation":"In large saucepan, beat together eggs, sugar and salt, if desired. Stir in 2 cups of the milk. Cook over low heat, stirring constantly, until mixture is thick enough to coat a metal spoon and reaches 160 degrees F. Remove from heat. Stir in remaining 2 cups milk and vanilla. Cover and regfigerate until thoroughly chilled, several hours or overnight. Just before serving, pour into bowl or pitcher. Garnish or add stir-ins, if desired. Choose 1 or several of: Chocolate curls, cinnamon sticks, extracts of flavorings, flavored brandy or liqueur, fruit juice or nectar, ground nutmeg, maraschino cherries, orange slices, peppermint sticks or candy canes, plain brandy, run or whiskey, sherbet or ice-cream, whipping cream, whipped. Serve immediately.","glass_id":10}},{"model":"drinqsapp.cocktail","pk":20,"fields":{"name":"Tequila Surprise","slug":"tequila-surprise","alcoholic":true,"category":"Shot","thumbnail_url":"https://www.thecocktaildb.com/images/media/drink/8189p51504735581.jpg","preparation":"Fill shot glass with Tequila. Add drops of Tobasco sauce.","glass_id":4}},{"model":"drinqsapp.cocktail","pk":21,"fields":{"name":"Aloha Fruit punch","slug":"aloha-fruit-punch","alcoholic":false,"category":"Punch / Party Drink","thumbnail_url":"https://www.thecocktaildb.com/images/media/drink/wsyvrt1468876267.jpg","preparation":"Add 1/4 cup water to ginger root. Boil 3 minutes. Strain. Add the liquid to the guava, lemon and pineapple juices. Make a syrup of sugar and remaining water. Cool. Combine with juices and pineapple. Chill throroughly.","glass_id":3}},{"model":"drinqsapp.cocktail","pk":22,"fields":{"name":"Black & Tan","slug":"black-&-tan","alcoholic":true,"category":"Beer","thumbnail_url":"https://www.thecocktaildb.com/images/media/drink/rwpswp1454511017.jpg","preparation":"Fill pint glass half full with Bass. Next pour Guiness over a spoon slowly until glass is full. If done correctly the Guiness will stay on top and the Bass on bottom hence the name Black & Tan.","glass_id":8}},{"model":"drinqsapp.cocktail","pk":23,"fields":{"name":"Negroni","slug":"negroni","alcoholic":true,"category":"Ordinary Drink","thumbnail_url":"https://www.thecocktaildb.com/images/media/drink/qgdu971561574065.jpg","preparation":"Stir into glass over ice, garnish and serve.","glass_id":11}},{"model":"drinqsapp.cocktail","pk":24,"fields":{"name":"Bijou","slug":"bijou","alcoholic":true,"category":"Cocktail","thumbnail_url":"https://www.thecocktaildb.com/images/media/drink/rysb3r1513706985.jpg","preparation":"Stir in mixing glass with ice and strain\r\n","glass_id":6}},{"model":"drinqsapp.cocktail","pk":26,"fields":{"name":"Bora Bora","slug":"bora-bora","alcoholic":false,"category":"Cocktail","thumbnail_url":"https://www.thecocktaildb.com/images/media/drink/xwuqvw1473201811.jpg","preparation":"Prepare in a blender or shaker, serve in a highball glass on the rocks. Garnish with 1 slice of pineapple and one cherry.","glass_id":5}},{"model":"drinqsapp.cocktail","pk":27,"fields":{"name":"Raspberry Cooler","slug":"raspberry-cooler","alcoholic":true,"category":"Other/Unknown","thumbnail_url":"https://www.thecocktaildb.com/images/media/drink/suqyyx1441254346.jpg","preparation":"Pour the raspberry vodka and soda into a highball glass almost filled with ice cubes. Stir well.","glass_id":5}},{"model":"drinqsapp.cocktail","pk":28,"fields":{"name":"Kool-Aid Slammer","slug":"kool-aid-slammer","alcoholic":true,"category":"Shot","thumbnail_url":"https://www.thecocktaildb.com/images/media/drink/kugu2m1504735473.jpg","preparation":"Fill half the shot glass with the kool-aid first. Then put a paper towel over the top of the glass and slowly pour in the vodka. If you do it right, you should be able to see that the two liquids are separated, with the vodka on top. Now slam it! The last thing you'll taste is the kool-aid.","glass_id":4}},{"model":"drinqsapp.cocktail","pk":29,"fields":{"name":"Bee's Knees","slug":"bee's-knees","alcoholic":true,"category":"Cocktail","thumbnail_url":"https://www.thecocktaildb.com/images/media/drink/tx8ne41582475326.jpg","preparation":"Shake ingredients with crushed ice\r\nGarnish with orange peel\r\n","glass_id":12}},{"model":"drinqsapp.cocktail","pk":30,"fields":{"name":"Tia-Maria","slug":"tia-maria","alcoholic":true,"category":"Homemade Liqueur","thumbnail_url":"https://www.thecocktaildb.com/images/media/drink/sih81u1504367097.jpg","preparation":"Boil water, sugar and coffe for 10 mins and let cool. Add rum and vanilla. Put in clean bottle(s) and leave for 1 week before using.","glass_id":3}},{"model":"drinqsapp.cocktail","pk":31,"fields":{"name":"Holloween Punch","slug":"holloween-punch","alcoholic":false,"category":"Punch / Party Drink","thumbnail_url":"https://www.thecocktaildb.com/images/media/drink/lfeoe41504888925.jpg","preparation":"Take a bunch of grape juice and a bunch of fizzy stuff (club soda, ginger ale, lemonlime, whatever). Mix them in a punch bowl. Take orange sherbet and lime sherbet. Scoop out scoops and float them in the punch, let them melt a little so that a nasty film spreads all over the top of the punch but there are still \"bubbles\" in it in the form of sherbet scoops. Looks horrible, tastes just fine.","glass_id":13}},{"model":"drinqsapp.cocktail","pk":32,"fields":{"name":"Bermuda Highball","slug":"bermuda-highball","alcoholic":true,"category":"Ordinary Drink","thumbnail_url":"https://www.thecocktaildb.com/images/media/drink/qrvtww1441206528.jpg","preparation":"Pour brandy, gin, and dry vermouth into a highball glass over ice cubes. Fill with carbonated water and stir. Add the twist of lemon and serve. (Ginger ale may be substituted for carbonated water, if preferred.)","glass_id":5}},{"model":"drinqsapp.cocktail","pk":33,"fields":{"name":"New York Lemonade","slug":"new-york-lemonade","alcoholic":true,"category":"Cocktail","thumbnail_url":"https://www.thecocktaildb.com/images/media/drink/b3n0ge1503565473.jpg","preparation":"Serve in a chilled cocktail glass. Lemon and sugar the rim. Stir and Strain.","glass_id":6}},{"model":"drinqsapp.cocktail","pk":34,"fields":{"name":"Lady Love Fizz","slug":"lady-love-fizz","alcoholic":true,"category":"Ordinary Drink","thumbnail_url":"https://www.thecocktaildb.com/images/media/drink/20d63k1504885263.jpg","preparation":"Shake all ingredients (except carbonated water) with ice and strain into a cocktail glass over two ice cubes. Fill with carbonated water, stir, and serve.","glass_id":6}},{"model":"drinqsapp.cocktail","pk":35,"fields":{"name":"Gluehwein","slug":"gluehwein","alcoholic":false,"category":"Punch / Party Drink","thumbnail_url":"https://www.thecocktaildb.com/images/media/drink/vuxwvt1468875418.jpg","preparation":"Boil sugar and spices in water, leave in the water for 30 minutes. Strain the spiced water and mix with the wine. Heat slowly until short of boiling temperature. (To remove alcohol, let it boil for a while.) You may add lemon or orange juice to taste. Serve in irish coffee cup.","glass_id":14}},{"model":"drinqsapp.cocktail","pk":36,"fields":{"name":"Caribbean Orange Liqueur","slug":"caribbean-orange-liqueur","alcoholic":true,"category":"Homemade Liqueur","thumbnail_url":"https://www.thecocktaildb.com/images/media/drink/qwxuwy1472667570.jpg","preparation":"Pare very thinly the bright-colored rind from the oranges (no white). Blot the peel on paper towels to remove any excess oil. Put peel in a 4 cup screw-top jar. Add 2 cups vodka. Close jar. Store in a cool, dark place for 2 days or until the vodka has absorbed the flavor. Remove peel and add remaining vodka. Close jar and add remaining cup of vodka. Close the jar and store in a cool dark place at least 1 month to age.","glass_id":3}},{"model":"drinqsapp.cocktail","pk":37,"fields":{"name":"Egg Nog - Healthy","slug":"egg-nog---healthy","alcoholic":false,"category":"Punch / Party Drink","thumbnail_url":"https://www.thecocktaildb.com/images/media/drink/qxuppv1468875308.jpg","preparation":"Whip egg substitute and sugar together, combine with the two kinds of milk, vanilla, and rum. Mix well. Chill over night. Sprinkle with nutmeg. Makes 6 servings.","glass_id":3}},{"model":"drinqsapp.cocktail","pk":38,"fields":{"name":"151 Florida Bushwacker","slug":"151-florida-bushwacker","alcoholic":true,"category":"Milk / Float / Shake","thumbnail_url":"https://www.thecocktaildb.com/images/media/drink/rvwrvv1468877323.jpg","preparation":"Combine all ingredients. Blend until smooth. Garnish with chocolate shavings if desired.","glass_id":15}},{"model":"drinqsapp.cocktail","pk":39,"fields":{"name":"Alice in Wonderland","slug":"alice-in-wonderland","alcoholic":true,"category":"Ordinary Drink","thumbnail_url":"https://www.thecocktaildb.com/images/media/drink/g12lj41493069391.jpg","preparation":"Just mix the three ingredients one to one to one","glass_id":3}},{"model":"drinqsapp.cocktail","pk":40,"fields":{"name":"Pink Gin","slug":"pink-gin","alcoholic":true,"category":"Ordinary Drink","thumbnail_url":"https://www.thecocktaildb.com/images/media/drink/qyr51e1504888618.jpg","preparation":"Pour the bitters into a wine glass. Swirl the glass to coat the inside with the bitters, shake out the excess. Pour the gin into the glass. Do not add ice.","glass_id":16}},{"model":"drinqsapp.cocktail","pk":41,"fields":{"name":"Salty Dog","slug":"salty-dog","alcoholic":true,"category":"Ordinary Drink","thumbnail_url":"https://www.thecocktaildb.com/images/media/drink/4vfge01504890216.jpg","preparation":"Pour all ingredients over ice cubes in a highball glass. Stir well and serve. (Vodka may be substituted for gin, if preferred.)","glass_id":5}},{"model":"drinqsapp.cocktail","pk":42,"fields":{"name":"Sweet Bananas","slug":"sweet-bananas","alcoholic":false,"category":"Milk / Float / Shake","thumbnail_url":"https://www.thecocktaildb.com/images/media/drink/sxpcj71487603345.jpg","preparation":"Place all ingredients in the blender jar - cover and whiz on medium speed until well blended. Pour in one tall, 2 medium or 3 small glasses and drink up.","glass_id":9}},{"model":"drinqsapp.cocktail","pk":43,"fields":{"name":"Chocolate Drink","slug":"chocolate-drink","alcoholic":false,"category":"Cocoa","thumbnail_url":"https://www.thecocktaildb.com/images/media/drink/q7w4xu1487603180.jpg","preparation":"Melt the bar in a small amount of boiling water. Add milk. Cook over low heat, whipping gently (with a whisk, i would assume) until heated well. Don't let it boil! Serve in coffee mug.","glass_id":17}},{"model":"drinqsapp.cocktail","pk":44,"fields":{"name":"The Philosopher","slug":"the-philosopher","alcoholic":true,"category":"Cocktail","thumbnail_url":"https://www.thecocktaildb.com/images/media/drink/sp8hkp1596017787.jpg","preparation":"Add all the spirits in a shaker (best to use Hendricks gin) as well as the orange bitters and lemon juice. Strain into a Margarita glass, top with Prosecco.","glass_id":2}},{"model":"drinqsapp.cocktail","pk":45,"fields":{"name":"Balmoral","slug":"balmoral","alcoholic":true,"category":"Ordinary Drink","thumbnail_url":"https://www.thecocktaildb.com/images/media/drink/vysuyq1441206297.jpg","preparation":"In a mixing glass half-filled with ice cubes, combine all of the ingredients. Stir well. Strain into a cocktail glass.","glass_id":6}},{"model":"drinqsapp.cocktail","pk":46,"fields":{"name":"Sherry Eggnog","slug":"sherry-eggnog","alcoholic":true,"category":"Ordinary Drink","thumbnail_url":"https://www.thecocktaildb.com/images/media/drink/xwrpsv1478820541.jpg","preparation":"Shake sherry, powdered sugar, and egg with ice and strain into a collins glass. Fill with milk and stir. Sprinkle nutmeg on top and serve.","glass_id":18}},{"model":"drinqsapp.cocktail","pk":47,"fields":{"name":"Broadside","slug":"broadside","alcoholic":true,"category":"Cocktail","thumbnail_url":"https://www.thecocktaildb.com/images/media/drink/l2o6xu1582476870.jpg","preparation":"Half fill the glass with ice cubes. Crush the wormwood and add to ice. Pour rum, scotch and butters, then serve!","glass_id":5}},{"model":"drinqsapp.cocktail","pk":48,"fields":{"name":"Black Forest Shake","slug":"black-forest-shake","alcoholic":true,"category":"Milk / Float / Shake","thumbnail_url":"https://www.thecocktaildb.com/images/media/drink/xxtxsu1472720505.jpg","preparation":"In a blender put ice cubes, chocolate syrup, cherry brandy, vodka, and milk. Blend very well.","glass_id":3}},{"model":"drinqsapp.cocktail","pk":49,"fields":{"name":"A Splash of Nash","slug":"a-splash-of-nash","alcoholic":true,"category":"Shot","thumbnail_url":"https://www.thecocktaildb.com/images/media/drink/rsvtrr1472668201.jpg","preparation":"Drop shot glass with banana & melon liquers into a 9 oz hi- ball glass containing soda water and cranberry juice. Drink in one shot.","glass_id":5}},{"model":"drinqsapp.cocktail","pk":50,"fields":{"name":"Zombie","slug":"zombie","alcoholic":true,"category":"Cocktail","thumbnail_url":"https://www.thecocktaildb.com/images/media/drink/2en3jk1509557725.jpg","preparation":"\r\nBlend at high speed for no more than 5 seconds.\r\n\r\nPour into a glass, add ice cubes to fill, then add the garnish.\r\n\r\n*Donn’s mix: Bring 3 crushed cinnamon sticks, 1 cup of sugar and 1 cup of water to a boil, stirring until the sugar is dissolved.\r\n\r\nSimmer for 2 minutes, then remove from the heat and let sit for at least 2 hours before straining into a clean glass bottle.\r\n\r\nThen add 1 part of the syrup and 2 parts of fresh grapefruit juice together.","glass_id":19}},{"model":"drinqsapp.cocktail","pk":51,"fields":{"name":"Brandy Alexander","slug":"brandy-alexander","alcoholic":true,"category":"Ordinary Drink","thumbnail_url":"https://www.thecocktaildb.com/images/media/drink/mlyk1i1606772340.jpg","preparation":"Shake all ingredients (except nutmeg) with ice and strain contents into a cocktail glass. Sprinkle nutmeg on top and serve.","glass_id":20}},{"model":"drinqsapp.cocktail","pk":53,"fields":{"name":"Coffee Liqueur","slug":"coffee-liqueur","alcoholic":true,"category":"Homemade Liqueur","thumbnail_url":"https://www.thecocktaildb.com/images/media/drink/ryvtsu1441253851.jpg","preparation":"Combine coffee, sugar and water. Simmer 1 hour and let cool. Add vanilla and vodka. Age in sealed jar 2 to 3 weeks.","glass_id":3}},{"model":"drinqsapp.cocktail","pk":54,"fields":{"name":"Cream Soda","slug":"cream-soda","alcoholic":true,"category":"Cocktail","thumbnail_url":"https://www.thecocktaildb.com/images/media/drink/yqstxr1479209367.jpg","preparation":"Pour 1oz of Spiced Rum into a highball glass with ice. Fill with Ginger Ale.","glass_id":5}},{"model":"drinqsapp.cocktail","pk":55,"fields":{"name":"Alice Cocktail","slug":"alice-cocktail","alcoholic":false,"category":"Cocktail","thumbnail_url":"https://www.thecocktaildb.com/images/media/drink/qyqtpv1468876144.jpg","preparation":"Shake well, strain into a large cocktail glass.","glass_id":6}},{"model":"drinqsapp.cocktail","pk":56,"fields":{"name":"Jewel Of The Nile","slug":"jewel-of-the-nile","alcoholic":true,"category":"Ordinary Drink","thumbnail_url":"https://www.thecocktaildb.com/images/media/drink/hx4nrb1504884947.jpg","preparation":"In a mixing glass half-filled with ice cubes, combine all of the ingredients. Stir well. Strain into a cocktail glass.","glass_id":6}},{"model":"drinqsapp.cocktail","pk":57,"fields":{"name":"GG","slug":"gg","alcoholic":false,"category":"Ordinary Drink","thumbnail_url":"https://www.thecocktaildb.com/images/media/drink/vyxwut1468875960.jpg","preparation":"Pour the Galliano liqueur over ice. Fill the remainder of the glass with ginger ale and thats all there is to it. You now have a your very own GG.","glass_id":3}},{"model":"drinqsapp.cocktail","pk":59,"fields":{"name":"Absinthe #2","slug":"absinthe-#2","alcoholic":true,"category":"Homemade Liqueur","thumbnail_url":"https://www.thecocktaildb.com/images/media/drink/uxxtrt1472667197.jpg","preparation":"Mix together and let sit a few days. Strain through a coffee filter. To serve mix 1 part absinthe to 4 parts water, add ice, enjoy.","glass_id":21}},{"model":"drinqsapp.cocktail","pk":60,"fields":{"name":"Surf City Lifesaver","slug":"surf-city-lifesaver","alcoholic":true,"category":"Ordinary Drink","thumbnail_url":"https://www.thecocktaildb.com/images/media/drink/2rzfer1487602699.jpg","preparation":"Lots of ice and soda top up in tall glass with cherry and a grin.","glass_id":5}},{"model":"drinqsapp.cocktailingredient","pk":1,"fields":{"position":1,"cocktail_id":1,"measurement":"1 shot","ingredient_id":1}},{"model":"drinqsapp.cocktailingredient","pk":2,"fields":{"position":2,"cocktail_id":1,"measurement":"2 shots","ingredient_id":2}},{"model":"drinqsapp.cocktailingredient","pk":3,"fields":{"position":3,"cocktail_id":1,"measurement":"Top up with","ingredient_id":3}},{"model":"drinqsapp.cocktailingredient","pk":4,"fields":{"position":1,"cocktail_id":2,"measurement":"2 shots","ingredient_id":4}},{"model":"drinqsapp.cocktailingredient","pk":5,"fields":{"position":2,"cocktail_id":2,"measurement":"Top","ingredient_id":3}},{"model":"drinqsapp.cocktailingredient","pk":6,"fields":{"position":1,"cocktail_id":3,"measurement":"2 scoops","ingredient_id":5}},{"model":"drinqsapp.cocktailingredient","pk":7,"fields":{"position":2,"cocktail_id":3,"measurement":"2 oz","ingredient_id":6}},{"model":"drinqsapp.cocktailingredient","pk":8,"fields":{"position":3,"cocktail_id":3,"measurement":"2 oz","ingredient_id":7}},{"model":"drinqsapp.cocktailingredient","pk":9,"fields":{"position":1,"cocktail_id":4,"measurement":"1/3 oz","ingredient_id":1}},{"model":"drinqsapp.cocktailingredient","pk":10,"fields":{"position":2,"cocktail_id":4,"measurement":"1/3 oz","ingredient_id":8}},{"model":"drinqsapp.cocktailingredient","pk":11,"fields":{"position":3,"cocktail_id":4,"measurement":"1/3 oz","ingredient_id":9}},{"model":"drinqsapp.cocktailingredient","pk":12,"fields":{"position":1,"cocktail_id":5,"measurement":"1 part","ingredient_id":10}},{"model":"drinqsapp.cocktailingredient","pk":13,"fields":{"position":2,"cocktail_id":5,"measurement":"2 parts","ingredient_id":11}},{"model":"drinqsapp.cocktailingredient","pk":14,"fields":{"position":1,"cocktail_id":6,"measurement":"2 oz","ingredient_id":12}},{"model":"drinqsapp.cocktailingredient","pk":15,"fields":{"position":2,"cocktail_id":6,"measurement":"Juice of 1/2","ingredient_id":13}},{"model":"drinqsapp.cocktailingredient","pk":16,"fields":{"position":3,"cocktail_id":6,"measurement":"1 tsp","ingredient_id":14}},{"model":"drinqsapp.cocktailingredient","pk":17,"fields":{"position":4,"cocktail_id":6,"measurement":"1","ingredient_id":15}},{"model":"drinqsapp.cocktailingredient","pk":18,"fields":{"position":1,"cocktail_id":7,"measurement":"2 1/2 oz","ingredient_id":16}},{"model":"drinqsapp.cocktailingredient","pk":19,"fields":{"position":2,"cocktail_id":7,"measurement":"1 splash","ingredient_id":17}},{"model":"drinqsapp.cocktailingredient","pk":20,"fields":{"position":3,"cocktail_id":7,"measurement":"Fill with","ingredient_id":18}},{"model":"drinqsapp.cocktailingredient","pk":21,"fields":{"position":1,"cocktail_id":8,"measurement":"30 ml","ingredient_id":19}},{"model":"drinqsapp.cocktailingredient","pk":22,"fields":{"position":2,"cocktail_id":8,"measurement":"75 ml","ingredient_id":20}},{"model":"drinqsapp.cocktailingredient","pk":23,"fields":{"position":3,"cocktail_id":8,"measurement":"Top","ingredient_id":21}},{"model":"drinqsapp.cocktailingredient","pk":24,"fields":{"position":1,"cocktail_id":9,"measurement":"1 shot","ingredient_id":1}},{"model":"drinqsapp.cocktailingredient","pk":25,"fields":{"position":2,"cocktail_id":9,"measurement":"1 shot","ingredient_id":22}},{"model":"drinqsapp.cocktailingredient","pk":26,"fields":{"position":3,"cocktail_id":9,"measurement":"1 dash","ingredient_id":23}},{"model":"drinqsapp.cocktailingredient","pk":27,"fields":{"position":4,"cocktail_id":9,"measurement":"Fill with","ingredient_id":24}},{"model":"drinqsapp.cocktailingredient","pk":28,"fields":{"position":1,"cocktail_id":10,"measurement":"2 oz","ingredient_id":1}},{"model":"drinqsapp.cocktailingredient","pk":29,"fields":{"position":2,"cocktail_id":10,"measurement":"1 tsp","ingredient_id":25}},{"model":"drinqsapp.cocktailingredient","pk":30,"fields":{"position":3,"cocktail_id":10,"measurement":"3","ingredient_id":26}},{"model":"drinqsapp.cocktailingredient","pk":31,"fields":{"position":4,"cocktail_id":10,"measurement":"1 Sprig","ingredient_id":27}},{"model":"drinqsapp.cocktailingredient","pk":32,"fields":{"position":5,"cocktail_id":10,"measurement":"2 dashes","ingredient_id":28}},{"model":"drinqsapp.cocktailingredient","pk":33,"fields":{"position":6,"cocktail_id":10,"measurement":"Top","ingredient_id":29}},{"model":"drinqsapp.cocktailingredient","pk":34,"fields":{"position":1,"cocktail_id":11,"measurement":"6 cl","ingredient_id":30}},{"model":"drinqsapp.cocktailingredient","pk":35,"fields":{"position":2,"cocktail_id":11,"measurement":"2 dashes","ingredient_id":31}},{"model":"drinqsapp.cocktailingredient","pk":36,"fields":{"position":3,"cocktail_id":11,"measurement":"2 Fresh leaves","ingredient_id":32}},{"model":"drinqsapp.cocktailingredient","pk":37,"fields":{"position":1,"cocktail_id":12,"measurement":"2 oz light","ingredient_id":33}},{"model":"drinqsapp.cocktailingredient","pk":38,"fields":{"position":2,"cocktail_id":12,"measurement":"1/2 tsp Tropical","ingredient_id":34}},{"model":"drinqsapp.cocktailingredient","pk":39,"fields":{"position":1,"cocktail_id":13,"measurement":"2 oz","ingredient_id":12}},{"model":"drinqsapp.cocktailingredient","pk":40,"fields":{"position":2,"cocktail_id":13,"measurement":"1 oz","ingredient_id":35}},{"model":"drinqsapp.cocktailingredient","pk":41,"fields":{"position":3,"cocktail_id":13,"measurement":"1/2 tsp superfine","ingredient_id":36}},{"model":"drinqsapp.cocktailingredient","pk":42,"fields":{"position":4,"cocktail_id":13,"measurement":"1","ingredient_id":37}},{"model":"drinqsapp.cocktailingredient","pk":43,"fields":{"position":5,"cocktail_id":13,"measurement":"1","ingredient_id":38}},{"model":"drinqsapp.cocktailingredient","pk":44,"fields":{"position":1,"cocktail_id":14,"measurement":"1/2 pint","ingredient_id":39}},{"model":"drinqsapp.cocktailingredient","pk":45,"fields":{"position":2,"cocktail_id":14,"measurement":"1/2 pint","ingredient_id":40}},{"model":"drinqsapp.cocktailingredient","pk":46,"fields":{"position":3,"cocktail_id":14,"measurement":"A little bit of","ingredient_id":41}},{"model":"drinqsapp.cocktailingredient","pk":47,"fields":{"position":1,"cocktail_id":15,"measurement":"1 cup","ingredient_id":42}},{"model":"drinqsapp.cocktailingredient","pk":48,"fields":{"position":2,"cocktail_id":15,"measurement":"1 cup","ingredient_id":43}},{"model":"drinqsapp.cocktailingredient","pk":49,"fields":{"position":1,"cocktail_id":16,"measurement":"1 cl","ingredient_id":7}},{"model":"drinqsapp.cocktailingredient","pk":50,"fields":{"position":2,"cocktail_id":16,"measurement":"4 oz","ingredient_id":18}},{"model":"drinqsapp.cocktailingredient","pk":51,"fields":{"position":3,"cocktail_id":16,"measurement":"1/4 cl","ingredient_id":44}},{"model":"drinqsapp.cocktailingredient","pk":52,"fields":{"position":1,"cocktail_id":17,"measurement":"1 1/2 oz","ingredient_id":6}},{"model":"drinqsapp.cocktailingredient","pk":53,"fields":{"position":2,"cocktail_id":17,"measurement":"1/2 oz","ingredient_id":45}},{"model":"drinqsapp.cocktailingredient","pk":54,"fields":{"position":1,"cocktail_id":18,"measurement":"2/3","ingredient_id":46}},{"model":"drinqsapp.cocktailingredient","pk":55,"fields":{"position":2,"cocktail_id":18,"measurement":"1/3","ingredient_id":47}},{"model":"drinqsapp.cocktailingredient","pk":56,"fields":{"position":3,"cocktail_id":18,"measurement":"Fill with","ingredient_id":48}},{"model":"drinqsapp.cocktailingredient","pk":57,"fields":{"position":4,"cocktail_id":18,"measurement":"Top it up with","ingredient_id":49}},{"model":"drinqsapp.cocktailingredient","pk":58,"fields":{"position":1,"cocktail_id":19,"measurement":"6","ingredient_id":50}},{"model":"drinqsapp.cocktailingredient","pk":59,"fields":{"position":2,"cocktail_id":19,"measurement":"1/4 cup","ingredient_id":36}},{"model":"drinqsapp.cocktailingredient","pk":60,"fields":{"position":3,"cocktail_id":19,"measurement":"1/4 tsp","ingredient_id":51}},{"model":"drinqsapp.cocktailingredient","pk":61,"fields":{"position":4,"cocktail_id":19,"measurement":"1 qt","ingredient_id":52}},{"model":"drinqsapp.cocktailingredient","pk":62,"fields":{"position":5,"cocktail_id":19,"measurement":"1 tsp","ingredient_id":53}},{"model":"drinqsapp.cocktailingredient","pk":63,"fields":{"position":1,"cocktail_id":20,"measurement":"full glass","ingredient_id":54}},{"model":"drinqsapp.cocktailingredient","pk":64,"fields":{"position":2,"cocktail_id":20,"measurement":"About 8 drops","ingredient_id":55}},{"model":"drinqsapp.cocktailingredient","pk":65,"fields":{"position":1,"cocktail_id":21,"measurement":"3/4 cup","ingredient_id":56}},{"model":"drinqsapp.cocktailingredient","pk":66,"fields":{"position":2,"cocktail_id":21,"measurement":"2 tsp","ingredient_id":57}},{"model":"drinqsapp.cocktailingredient","pk":67,"fields":{"position":3,"cocktail_id":21,"measurement":"2 cups","ingredient_id":58}},{"model":"drinqsapp.cocktailingredient","pk":68,"fields":{"position":4,"cocktail_id":21,"measurement":"1 1/2 tblsp","ingredient_id":35}},{"model":"drinqsapp.cocktailingredient","pk":69,"fields":{"position":5,"cocktail_id":21,"measurement":"1 1/2 cup","ingredient_id":59}},{"model":"drinqsapp.cocktailingredient","pk":70,"fields":{"position":6,"cocktail_id":21,"measurement":"1 cup","ingredient_id":36}},{"model":"drinqsapp.cocktailingredient","pk":71,"fields":{"position":7,"cocktail_id":21,"measurement":"3-4 cups","ingredient_id":60}},{"model":"drinqsapp.cocktailingredient","pk":72,"fields":{"position":1,"cocktail_id":22,"measurement":"1 part Bass pale","ingredient_id":61}},{"model":"drinqsapp.cocktailingredient","pk":73,"fields":{"position":2,"cocktail_id":22,"measurement":"1 part","ingredient_id":24}},{"model":"drinqsapp.cocktailingredient","pk":74,"fields":{"position":1,"cocktail_id":23,"measurement":"1 oz","ingredient_id":12}},{"model":"drinqsapp.cocktailingredient","pk":75,"fields":{"position":2,"cocktail_id":23,"measurement":"1 oz","ingredient_id":62}},{"model":"drinqsapp.cocktailingredient","pk":76,"fields":{"position":3,"cocktail_id":23,"measurement":"1 oz","ingredient_id":63}},{"model":"drinqsapp.cocktailingredient","pk":77,"fields":{"position":1,"cocktail_id":24,"measurement":"1 dash","ingredient_id":64}},{"model":"drinqsapp.cocktailingredient","pk":78,"fields":{"position":2,"cocktail_id":24,"measurement":"1 oz","ingredient_id":65}},{"model":"drinqsapp.cocktailingredient","pk":79,"fields":{"position":3,"cocktail_id":24,"measurement":"1 oz","ingredient_id":12}},{"model":"drinqsapp.cocktailingredient","pk":80,"fields":{"position":4,"cocktail_id":24,"measurement":"1 oz","ingredient_id":63}},{"model":"drinqsapp.cocktailingredient","pk":81,"fields":{"position":1,"cocktail_id":26,"measurement":"10 cl","ingredient_id":60}},{"model":"drinqsapp.cocktailingredient","pk":82,"fields":{"position":2,"cocktail_id":26,"measurement":"6 cl","ingredient_id":66}},{"model":"drinqsapp.cocktailingredient","pk":83,"fields":{"position":3,"cocktail_id":26,"measurement":"1 cl","ingredient_id":35}},{"model":"drinqsapp.cocktailingredient","pk":84,"fields":{"position":4,"cocktail_id":26,"measurement":"1 cl","ingredient_id":44}},{"model":"drinqsapp.cocktailingredient","pk":85,"fields":{"position":1,"cocktail_id":27,"measurement":"2 oz","ingredient_id":67}},{"model":"drinqsapp.cocktailingredient","pk":86,"fields":{"position":2,"cocktail_id":27,"measurement":"4 oz","ingredient_id":68}},{"model":"drinqsapp.cocktailingredient","pk":87,"fields":{"position":3,"cocktail_id":27,"measurement":"1","ingredient_id":48}},{"model":"drinqsapp.cocktailingredient","pk":88,"fields":{"position":1,"cocktail_id":28,"measurement":"1/2 oz Grape","ingredient_id":34}},{"model":"drinqsapp.cocktailingredient","pk":89,"fields":{"position":2,"cocktail_id":28,"measurement":"1/2 oz","ingredient_id":1}},{"model":"drinqsapp.cocktailingredient","pk":90,"fields":{"position":1,"cocktail_id":29,"measurement":"6 cl","ingredient_id":69}},{"model":"drinqsapp.cocktailingredient","pk":91,"fields":{"position":2,"cocktail_id":29,"measurement":"2 cl","ingredient_id":70}},{"model":"drinqsapp.cocktailingredient","pk":92,"fields":{"position":3,"cocktail_id":29,"measurement":"2 cl","ingredient_id":71}},{"model":"drinqsapp.cocktailingredient","pk":93,"fields":{"position":4,"cocktail_id":29,"measurement":"2 jiggers","ingredient_id":72}},{"model":"drinqsapp.cocktailingredient","pk":94,"fields":{"position":1,"cocktail_id":30,"measurement":"1 cup","ingredient_id":56}},{"model":"drinqsapp.cocktailingredient","pk":95,"fields":{"position":2,"cocktail_id":30,"measurement":"3/4-1 cup","ingredient_id":73}},{"model":"drinqsapp.cocktailingredient","pk":96,"fields":{"position":3,"cocktail_id":30,"measurement":"4 tsp","ingredient_id":10}},{"model":"drinqsapp.cocktailingredient","pk":97,"fields":{"position":4,"cocktail_id":30,"measurement":"1 cup","ingredient_id":74}},{"model":"drinqsapp.cocktailingredient","pk":98,"fields":{"position":5,"cocktail_id":30,"measurement":"4 tsp","ingredient_id":53}},{"model":"drinqsapp.cocktailingredient","pk":99,"fields":{"position":1,"cocktail_id":31,"measurement":"1","ingredient_id":75}},{"model":"drinqsapp.cocktailingredient","pk":100,"fields":{"position":2,"cocktail_id":31,"measurement":", orange","ingredient_id":76}},{"model":"drinqsapp.cocktailingredient","pk":101,"fields":{"position":3,"cocktail_id":31,"measurement":"1","ingredient_id":77}},{"model":"drinqsapp.cocktailingredient","pk":102,"fields":{"position":1,"cocktail_id":32,"measurement":"3/4 oz","ingredient_id":6}},{"model":"drinqsapp.cocktailingredient","pk":103,"fields":{"position":2,"cocktail_id":32,"measurement":"3/4 oz","ingredient_id":12}},{"model":"drinqsapp.cocktailingredient","pk":104,"fields":{"position":3,"cocktail_id":32,"measurement":"3/4 oz","ingredient_id":78}},{"model":"drinqsapp.cocktailingredient","pk":105,"fields":{"position":4,"cocktail_id":32,"measurement":"1","ingredient_id":15}},{"model":"drinqsapp.cocktailingredient","pk":106,"fields":{"position":5,"cocktail_id":32,"measurement":"1","ingredient_id":79}},{"model":"drinqsapp.cocktailingredient","pk":107,"fields":{"position":1,"cocktail_id":33,"measurement":"2 oz","ingredient_id":46}},{"model":"drinqsapp.cocktailingredient","pk":108,"fields":{"position":2,"cocktail_id":33,"measurement":"1 oz","ingredient_id":17}},{"model":"drinqsapp.cocktailingredient","pk":109,"fields":{"position":3,"cocktail_id":33,"measurement":"2 oz sweetened","ingredient_id":35}},{"model":"drinqsapp.cocktailingredient","pk":110,"fields":{"position":4,"cocktail_id":33,"measurement":"1 oz","ingredient_id":80}},{"model":"drinqsapp.cocktailingredient","pk":111,"fields":{"position":1,"cocktail_id":34,"measurement":"2 oz","ingredient_id":12}},{"model":"drinqsapp.cocktailingredient","pk":112,"fields":{"position":2,"cocktail_id":34,"measurement":"2 tsp","ingredient_id":81}},{"model":"drinqsapp.cocktailingredient","pk":113,"fields":{"position":3,"cocktail_id":34,"measurement":"1 tsp","ingredient_id":14}},{"model":"drinqsapp.cocktailingredient","pk":114,"fields":{"position":4,"cocktail_id":34,"measurement":"Juice of 1/2","ingredient_id":13}},{"model":"drinqsapp.cocktailingredient","pk":115,"fields":{"position":5,"cocktail_id":34,"measurement":"1","ingredient_id":82}},{"model":"drinqsapp.cocktailingredient","pk":116,"fields":{"position":6,"cocktail_id":34,"measurement":"1","ingredient_id":15}},{"model":"drinqsapp.cocktailingredient","pk":117,"fields":{"position":1,"cocktail_id":35,"measurement":"1 L","ingredient_id":83}},{"model":"drinqsapp.cocktailingredient","pk":118,"fields":{"position":2,"cocktail_id":35,"measurement":"125 ml","ingredient_id":56}},{"model":"drinqsapp.cocktailingredient","pk":119,"fields":{"position":3,"cocktail_id":35,"measurement":"60 gr","ingredient_id":36}},{"model":"drinqsapp.cocktailingredient","pk":120,"fields":{"position":4,"cocktail_id":35,"measurement":"1","ingredient_id":84}},{"model":"drinqsapp.cocktailingredient","pk":121,"fields":{"position":5,"cocktail_id":35,"measurement":"3","ingredient_id":85}},{"model":"drinqsapp.cocktailingredient","pk":122,"fields":{"position":6,"cocktail_id":35,"measurement":"1 tblsp","ingredient_id":79}},{"model":"drinqsapp.cocktailingredient","pk":123,"fields":{"position":1,"cocktail_id":36,"measurement":"3 large","ingredient_id":37}},{"model":"drinqsapp.cocktailingredient","pk":124,"fields":{"position":2,"cocktail_id":36,"measurement":"3 cups","ingredient_id":1}},{"model":"drinqsapp.cocktailingredient","pk":125,"fields":{"position":3,"cocktail_id":36,"measurement":"1 1/3 cup superfine","ingredient_id":36}},{"model":"drinqsapp.cocktailingredient","pk":126,"fields":{"position":1,"cocktail_id":37,"measurement":"1/2 cup","ingredient_id":50}},{"model":"drinqsapp.cocktailingredient","pk":127,"fields":{"position":2,"cocktail_id":37,"measurement":"3 tblsp","ingredient_id":36}},{"model":"drinqsapp.cocktailingredient","pk":128,"fields":{"position":3,"cocktail_id":37,"measurement":"13 oz skimmed","ingredient_id":86}},{"model":"drinqsapp.cocktailingredient","pk":129,"fields":{"position":4,"cocktail_id":37,"measurement":"3/4 cup skimmed","ingredient_id":52}},{"model":"drinqsapp.cocktailingredient","pk":130,"fields":{"position":5,"cocktail_id":37,"measurement":"1 tsp","ingredient_id":53}},{"model":"drinqsapp.cocktailingredient","pk":131,"fields":{"position":6,"cocktail_id":37,"measurement":"1 tsp","ingredient_id":74}},{"model":"drinqsapp.cocktailingredient","pk":132,"fields":{"position":7,"cocktail_id":37,"measurement":"","ingredient_id":87}},{"model":"drinqsapp.cocktailingredient","pk":133,"fields":{"position":1,"cocktail_id":38,"measurement":"1/2 oz","ingredient_id":88}},{"model":"drinqsapp.cocktailingredient","pk":134,"fields":{"position":2,"cocktail_id":38,"measurement":"1/2 oz","ingredient_id":89}},{"model":"drinqsapp.cocktailingredient","pk":135,"fields":{"position":3,"cocktail_id":38,"measurement":"1/2 oz Bacardi","ingredient_id":33}},{"model":"drinqsapp.cocktailingredient","pk":136,"fields":{"position":4,"cocktail_id":38,"measurement":"1 oz","ingredient_id":90}},{"model":"drinqsapp.cocktailingredient","pk":137,"fields":{"position":5,"cocktail_id":38,"measurement":"1 oz","ingredient_id":91}},{"model":"drinqsapp.cocktailingredient","pk":138,"fields":{"position":6,"cocktail_id":38,"measurement":"3 oz","ingredient_id":52}},{"model":"drinqsapp.cocktailingredient","pk":139,"fields":{"position":7,"cocktail_id":38,"measurement":"1 oz","ingredient_id":92}},{"model":"drinqsapp.cocktailingredient","pk":140,"fields":{"position":8,"cocktail_id":38,"measurement":"1 cup","ingredient_id":93}},{"model":"drinqsapp.cocktailingredient","pk":141,"fields":{"position":1,"cocktail_id":39,"measurement":"1 shot","ingredient_id":7}},{"model":"drinqsapp.cocktailingredient","pk":142,"fields":{"position":2,"cocktail_id":39,"measurement":"1 shot","ingredient_id":17}},{"model":"drinqsapp.cocktailingredient","pk":143,"fields":{"position":3,"cocktail_id":39,"measurement":"1 shot","ingredient_id":94}},{"model":"drinqsapp.cocktailingredient","pk":144,"fields":{"position":1,"cocktail_id":40,"measurement":"3 dashes","ingredient_id":95}},{"model":"drinqsapp.cocktailingredient","pk":145,"fields":{"position":2,"cocktail_id":40,"measurement":"2 oz","ingredient_id":12}},{"model":"drinqsapp.cocktailingredient","pk":146,"fields":{"position":1,"cocktail_id":41,"measurement":"5 oz","ingredient_id":96}},{"model":"drinqsapp.cocktailingredient","pk":147,"fields":{"position":2,"cocktail_id":41,"measurement":"1 1/2 oz","ingredient_id":12}},{"model":"drinqsapp.cocktailingredient","pk":148,"fields":{"position":3,"cocktail_id":41,"measurement":"1/4 tsp","ingredient_id":51}},{"model":"drinqsapp.cocktailingredient","pk":149,"fields":{"position":1,"cocktail_id":42,"measurement":"2 cups","ingredient_id":52}},{"model":"drinqsapp.cocktailingredient","pk":150,"fields":{"position":2,"cocktail_id":42,"measurement":"1","ingredient_id":97}},{"model":"drinqsapp.cocktailingredient","pk":151,"fields":{"position":3,"cocktail_id":42,"measurement":"1 tblsp","ingredient_id":25}},{"model":"drinqsapp.cocktailingredient","pk":152,"fields":{"position":1,"cocktail_id":43,"measurement":"125 gr","ingredient_id":98}},{"model":"drinqsapp.cocktailingredient","pk":153,"fields":{"position":2,"cocktail_id":43,"measurement":"3/4 L","ingredient_id":52}},{"model":"drinqsapp.cocktailingredient","pk":154,"fields":{"position":3,"cocktail_id":43,"measurement":"1","ingredient_id":56}},{"model":"drinqsapp.cocktailingredient","pk":155,"fields":{"position":1,"cocktail_id":44,"measurement":"1 shot","ingredient_id":12}},{"model":"drinqsapp.cocktailingredient","pk":156,"fields":{"position":2,"cocktail_id":44,"measurement":"1 shot","ingredient_id":99}},{"model":"drinqsapp.cocktailingredient","pk":157,"fields":{"position":3,"cocktail_id":44,"measurement":"1 dash","ingredient_id":64}},{"model":"drinqsapp.cocktailingredient","pk":158,"fields":{"position":4,"cocktail_id":44,"measurement":"1 dash","ingredient_id":100}},{"model":"drinqsapp.cocktailingredient","pk":159,"fields":{"position":5,"cocktail_id":44,"measurement":"Top","ingredient_id":101}},{"model":"drinqsapp.cocktailingredient","pk":160,"fields":{"position":1,"cocktail_id":45,"measurement":"1 1/2 oz","ingredient_id":102}},{"model":"drinqsapp.cocktailingredient","pk":161,"fields":{"position":2,"cocktail_id":45,"measurement":"1/2 oz","ingredient_id":63}},{"model":"drinqsapp.cocktailingredient","pk":162,"fields":{"position":3,"cocktail_id":45,"measurement":"1/2 oz","ingredient_id":78}},{"model":"drinqsapp.cocktailingredient","pk":163,"fields":{"position":4,"cocktail_id":45,"measurement":"2 dashes","ingredient_id":95}},{"model":"drinqsapp.cocktailingredient","pk":164,"fields":{"position":1,"cocktail_id":46,"measurement":"2 oz cream","ingredient_id":103}},{"model":"drinqsapp.cocktailingredient","pk":165,"fields":{"position":2,"cocktail_id":46,"measurement":"1 tsp","ingredient_id":14}},{"model":"drinqsapp.cocktailingredient","pk":166,"fields":{"position":3,"cocktail_id":46,"measurement":"1 whole","ingredient_id":50}},{"model":"drinqsapp.cocktailingredient","pk":167,"fields":{"position":4,"cocktail_id":46,"measurement":"1","ingredient_id":52}},{"model":"drinqsapp.cocktailingredient","pk":168,"fields":{"position":5,"cocktail_id":46,"measurement":"1","ingredient_id":87}},{"model":"drinqsapp.cocktailingredient","pk":169,"fields":{"position":1,"cocktail_id":47,"measurement":"1 shot","ingredient_id":33}},{"model":"drinqsapp.cocktailingredient","pk":170,"fields":{"position":2,"cocktail_id":47,"measurement":"1/2 shot","ingredient_id":102}},{"model":"drinqsapp.cocktailingredient","pk":171,"fields":{"position":3,"cocktail_id":47,"measurement":"3 drops","ingredient_id":95}},{"model":"drinqsapp.cocktailingredient","pk":172,"fields":{"position":4,"cocktail_id":47,"measurement":"1 Fresh","ingredient_id":104}},{"model":"drinqsapp.cocktailingredient","pk":173,"fields":{"position":5,"cocktail_id":47,"measurement":"cubes","ingredient_id":48}},{"model":"drinqsapp.cocktailingredient","pk":174,"fields":{"position":1,"cocktail_id":48,"measurement":"cubes","ingredient_id":48}},{"model":"drinqsapp.cocktailingredient","pk":175,"fields":{"position":2,"cocktail_id":48,"measurement":"1","ingredient_id":105}},{"model":"drinqsapp.cocktailingredient","pk":176,"fields":{"position":3,"cocktail_id":48,"measurement":"1","ingredient_id":106}},{"model":"drinqsapp.cocktailingredient","pk":177,"fields":{"position":4,"cocktail_id":48,"measurement":"1","ingredient_id":1}},{"model":"drinqsapp.cocktailingredient","pk":178,"fields":{"position":5,"cocktail_id":48,"measurement":"1","ingredient_id":52}},{"model":"drinqsapp.cocktailingredient","pk":179,"fields":{"position":1,"cocktail_id":49,"measurement":"2 oz","ingredient_id":107}},{"model":"drinqsapp.cocktailingredient","pk":180,"fields":{"position":2,"cocktail_id":49,"measurement":"2 oz","ingredient_id":108}},{"model":"drinqsapp.cocktailingredient","pk":181,"fields":{"position":3,"cocktail_id":49,"measurement":"0.5 oz","ingredient_id":8}},{"model":"drinqsapp.cocktailingredient","pk":182,"fields":{"position":4,"cocktail_id":49,"measurement":"0.5 oz","ingredient_id":109}},{"model":"drinqsapp.cocktailingredient","pk":183,"fields":{"position":1,"cocktail_id":50,"measurement":"1 1/2 oz","ingredient_id":74}},{"model":"drinqsapp.cocktailingredient","pk":184,"fields":{"position":2,"cocktail_id":50,"measurement":"1 1/2 oz","ingredient_id":69}},{"model":"drinqsapp.cocktailingredient","pk":185,"fields":{"position":3,"cocktail_id":50,"measurement":"1 oz","ingredient_id":33}},{"model":"drinqsapp.cocktailingredient","pk":186,"fields":{"position":4,"cocktail_id":50,"measurement":"1 tsp","ingredient_id":110}},{"model":"drinqsapp.cocktailingredient","pk":187,"fields":{"position":5,"cocktail_id":50,"measurement":"1 tsp","ingredient_id":44}},{"model":"drinqsapp.cocktailingredient","pk":188,"fields":{"position":6,"cocktail_id":50,"measurement":"1 tsp","ingredient_id":71}},{"model":"drinqsapp.cocktailingredient","pk":189,"fields":{"position":7,"cocktail_id":50,"measurement":"1 drop","ingredient_id":28}},{"model":"drinqsapp.cocktailingredient","pk":190,"fields":{"position":1,"cocktail_id":51,"measurement":"1 oz","ingredient_id":6}},{"model":"drinqsapp.cocktailingredient","pk":191,"fields":{"position":2,"cocktail_id":51,"measurement":"1 oz white","ingredient_id":111}},{"model":"drinqsapp.cocktailingredient","pk":192,"fields":{"position":3,"cocktail_id":51,"measurement":"1 oz","ingredient_id":81}},{"model":"drinqsapp.cocktailingredient","pk":193,"fields":{"position":4,"cocktail_id":51,"measurement":"1","ingredient_id":87}},{"model":"drinqsapp.cocktailingredient","pk":194,"fields":{"position":1,"cocktail_id":53,"measurement":"10 tblsp instant","ingredient_id":10}},{"model":"drinqsapp.cocktailingredient","pk":195,"fields":{"position":2,"cocktail_id":53,"measurement":"4 tblsp","ingredient_id":53}},{"model":"drinqsapp.cocktailingredient","pk":196,"fields":{"position":3,"cocktail_id":53,"measurement":"2 1/2 cups","ingredient_id":36}},{"model":"drinqsapp.cocktailingredient","pk":197,"fields":{"position":4,"cocktail_id":53,"measurement":"1 qt","ingredient_id":1}},{"model":"drinqsapp.cocktailingredient","pk":198,"fields":{"position":5,"cocktail_id":53,"measurement":"2 1/2 cups","ingredient_id":56}},{"model":"drinqsapp.cocktailingredient","pk":199,"fields":{"position":1,"cocktail_id":54,"measurement":"1 oz","ingredient_id":112}},{"model":"drinqsapp.cocktailingredient","pk":200,"fields":{"position":2,"cocktail_id":54,"measurement":"1","ingredient_id":113}},{"model":"drinqsapp.cocktailingredient","pk":201,"fields":{"position":1,"cocktail_id":55,"measurement":"1 cl","ingredient_id":44}},{"model":"drinqsapp.cocktailingredient","pk":202,"fields":{"position":2,"cocktail_id":55,"measurement":"1 cl","ingredient_id":18}},{"model":"drinqsapp.cocktailingredient","pk":203,"fields":{"position":3,"cocktail_id":55,"measurement":"2 cl","ingredient_id":60}},{"model":"drinqsapp.cocktailingredient","pk":204,"fields":{"position":4,"cocktail_id":55,"measurement":"4 cl","ingredient_id":114}},{"model":"drinqsapp.cocktailingredient","pk":205,"fields":{"position":1,"cocktail_id":56,"measurement":"1 1/2 oz","ingredient_id":12}},{"model":"drinqsapp.cocktailingredient","pk":206,"fields":{"position":2,"cocktail_id":56,"measurement":"1/2 oz","ingredient_id":65}},{"model":"drinqsapp.cocktailingredient","pk":207,"fields":{"position":3,"cocktail_id":56,"measurement":"1/2 oz","ingredient_id":115}},{"model":"drinqsapp.cocktailingredient","pk":208,"fields":{"position":1,"cocktail_id":57,"measurement":"2 1/2 shots","ingredient_id":116}},{"model":"drinqsapp.cocktailingredient","pk":209,"fields":{"position":2,"cocktail_id":57,"measurement":"1","ingredient_id":113}},{"model":"drinqsapp.cocktailingredient","pk":210,"fields":{"position":3,"cocktail_id":57,"measurement":"1","ingredient_id":48}},{"model":"drinqsapp.cocktailingredient","pk":211,"fields":{"position":1,"cocktail_id":59,"measurement":"1 bottle","ingredient_id":1}},{"model":"drinqsapp.cocktailingredient","pk":212,"fields":{"position":2,"cocktail_id":59,"measurement":"50 gr","ingredient_id":36}},{"model":"drinqsapp.cocktailingredient","pk":213,"fields":{"position":3,"cocktail_id":59,"measurement":"50 ml pure","ingredient_id":117}},{"model":"drinqsapp.cocktailingredient","pk":214,"fields":{"position":4,"cocktail_id":59,"measurement":"1 tblsp","ingredient_id":118}},{"model":"drinqsapp.cocktailingredient","pk":215,"fields":{"position":5,"cocktail_id":59,"measurement":"1","ingredient_id":104}},{"model":"drinqsapp.cocktailingredient","pk":216,"fields":{"position":1,"cocktail_id":60,"measurement":"1 part","ingredient_id":119}},{"model":"drinqsapp.cocktailingredient","pk":217,"fields":{"position":2,"cocktail_id":60,"measurement":"1 part","ingredient_id":120}},{"model":"drinqsapp.cocktailingredient","pk":218,"fields":{"position":3,"cocktail_id":60,"measurement":"2 parts","ingredient_id":12}},{"model":"drinqsapp.cocktailingredient","pk":219,"fields":{"position":4,"cocktail_id":60,"measurement":"1/2 part","ingredient_id":17}}]